Workbook

Sheet 新規案件
A1: 分析ID | B1: ベンダー | C1: Tier | D1: リージョン | E1: システム | F1: 費用区分 | G1: 区分（a〜e） | H1: 年額（円） | I1: 予算の出所 | J1: 選定の時期 | K1: 選定のアプローチ | L1: 目標指標：削減 | M1: 目標指標：値上げの回避 | N1: 目標指標：代わりの価値 | O1: 目標指標：依存の低減 | P1: メモ

Sheet ベンダー集計
A1: 順位 | B1: ベンダー | C1: 年額（円） | D1: 構成比 | E1: 累計比 | F1: 取引額 | G1: リージョン | H1: システム | I1: 費用区分 | J1: 明細件数 | K1: 事業重要度 | L1: 業務重要度 | M1: 終期確定 | N1: 重要度 | O1: Tier | P1: 判定の根拠・メモ
A2: 1 | B2: Microsoft | C2: 282000840 | D2: 0.26230055 | E2: 0.26230055 | F2: 大 | G2: EMEA・JP・NA | H2: Azure・Microsoft 365 | I2: Cloud・SaaS / License | J2: 4 | K2: 低 | L2: 低 | M2: N | N2: =IF(OR(K2="",L2=""),"未判定",IF(OR(K2="高",L2="高"),"高","低")) | O2: =IF(N2="未判定","未判定",IF(AND(F2="大",N2="高",M2<>"Y"),"Tier1",IF(F2="大","Tier3",IF(N2="高","Tier2","Tier4"))))
A3: 2 | B3: Salesforce | C3: 132120840 | D3: 0.12289101 | E3: 0.38519156 | F3: 大 | G3: EMEA・JP・NA | H3: Salesforce・Tableau | I3: SaaS / License | J3: 4 | K3: 高 | L3: 低 | M3: N | N3: =IF(OR(K3="",L3=""),"未判定",IF(OR(K3="高",L3="高"),"高","低")) | O3: =IF(N3="未判定","未判定",IF(AND(F3="大",N3="高",M3<>"Y"),"Tier1",IF(F3="大","Tier3",IF(N3="高","Tier2","Tier4"))))
A4: 3 | B4: Accenture | C4: 101400000 | D4: 0.094316299 | E4: 0.47950786 | F4: 大 | G4: EMEA・NA | H4: SAP S/4HANA | I4: Outsourcing | J4: 2 | K4: 高 | L4: 高 | M4: N | N4: =IF(OR(K4="",L4=""),"未判定",IF(OR(K4="高",L4="高"),"高","低")) | O4: =IF(N4="未判定","未判定",IF(AND(F4="大",N4="高",M4<>"Y"),"Tier1",IF(F4="大","Tier3",IF(N4="高","Tier2","Tier4"))))
A5: 4 | B5: IBM | C5: 93838560 | D5: 0.087283093 | E5: 0.56679095 | F5: 大 | G5: EMEA・JP・NA | H5: SOC | I5: Outsourcing | J5: 3 | K5: 低 | L5: 低 | M5: N | N5: =IF(OR(K5="",L5=""),"未判定",IF(OR(K5="高",L5="高"),"高","低")) | O5: =IF(N5="未判定","未判定",IF(AND(F5="大",N5="高",M5<>"Y"),"Tier1",IF(F5="大","Tier3",IF(N5="高","Tier2","Tier4"))))
A6: 5 | B6: Deloitte | C6: 88320480 | D6: 0.082150501 | E6: 0.64894145 | F6: 大 | G6: EMEA・JP・NA | H6: Data platform | I6: Outsourcing | J6: 3 | K6: 低 | L6: 低 | M6: Y | N6: =IF(OR(K6="",L6=""),"未判定",IF(OR(K6="高",L6="高"),"高","低")) | O6: =IF(N6="未判定","未判定",IF(AND(F6="大",N6="高",M6<>"Y"),"Tier1",IF(F6="大","Tier3",IF(N6="高","Tier2","Tier4"))))
A7: 6 | B7: NTT Data | C7: 78000000 | D7: 0.072550999 | E7: 0.72149245 | F7: 大 | G7: JP | H7: SAP S/4HANA | I7: Outsourcing | J7: 1 | K7: 高 | L7: 高 | M7: N | N7: =IF(OR(K7="",L7=""),"未判定",IF(OR(K7="高",L7="高"),"高","低")) | O7: =IF(N7="未判定","未判定",IF(AND(F7="大",N7="高",M7<>"Y"),"Tier1",IF(F7="大","Tier3",IF(N7="高","Tier2","Tier4"))))
A8: 7 | B8: CrowdStrike | C8: 71760360 | D8: 0.066747254 | E8: 0.78823971 | F8: 大 | G8: EMEA・JP・NA | H8: CrowdStrike | I8: SaaS / License | J8: 3 | K8: 低 | L8: 低 | M8: N | N8: =IF(OR(K8="",L8=""),"未判定",IF(OR(K8="高",L8="高"),"高","低")) | O8: =IF(N8="未判定","未判定",IF(AND(F8="大",N8="高",M8<>"Y"),"Tier1",IF(F8="大","Tier3",IF(N8="高","Tier2","Tier4"))))
A9: 8 | B9: Snowflake | C9: 67343880 | D9: 0.062639305 | E9: 0.85087901 | F9: 大 | G9: EMEA・JP・NA | H9: Snowflake | I9: SaaS / License | J9: 3 | K9: 低 | L9: 低 | M9: N | N9: =IF(OR(K9="",L9=""),"未判定",IF(OR(K9="高",L9="高"),"高","低")) | O9: =IF(N9="未判定","未判定",IF(AND(F9="大",N9="高",M9<>"Y"),"Tier1",IF(F9="大","Tier3",IF(N9="高","Tier2","Tier4"))))
A10: 9 | B10: Dell | C10: 49680360 | D10: 0.04620974 | E10: 0.89708875 | F10: 小 | G10: EMEA・JP・NA | H10: Data center | I10: Maintenance | J10: 3 | K10: 低 | L10: 低 | M10: N | N10: =IF(OR(K10="",L10=""),"未判定",IF(OR(K10="高",L10="高"),"高","低")) | O10: =IF(N10="未判定","未判定",IF(AND(F10="大",N10="高",M10<>"Y"),"Tier1",IF(F10="大","Tier3",IF(N10="高","Tier2","Tier4"))))
A11: 10 | B11: NTT Com | C11: 28800000 | D11: 0.026788061 | E11: 0.92387681 | F11: 小 | G11: JP | H11: WAN | I11: Telecom | J11: 1 | K11: 低 | L11: 低 | M11: Y | N11: =IF(OR(K11="",L11=""),"未判定",IF(OR(K11="高",L11="高"),"高","低")) | O11: =IF(N11="未判定","未判定",IF(AND(F11="大",N11="高",M11<>"Y"),"Tier1",IF(F11="大","Tier3",IF(N11="高","Tier2","Tier4"))))
A12: 11 | B12: Benchling | C12: 26400000 | D12: 0.024555723 | E12: 0.94843254 | F12: 小 | G12: JP | H12: ELN | I12: Maintenance | J12: 1 | K12: 高 | L12: 低 | M12: N | N12: =IF(OR(K12="",L12=""),"未判定",IF(OR(K12="高",L12="高"),"高","低")) | O12: =IF(N12="未判定","未判定",IF(AND(F12="大",N12="高",M12<>"Y"),"Tier1",IF(F12="大","Tier3",IF(N12="高","Tier2","Tier4"))))
A13: 12 | B13: AT&T | C13: 23040000 | D13: 0.021430449 | E13: 0.96986298 | F13: 小 | G13: NA | H13: WAN | I13: Telecom | J13: 1 | K13: 低 | L13: 低 | M13: Y | N13: =IF(OR(K13="",L13=""),"未判定",IF(OR(K13="高",L13="高"),"高","低")) | O13: =IF(N13="未判定","未判定",IF(AND(F13="大",N13="高",M13<>"Y"),"Tier1",IF(F13="大","Tier3",IF(N13="高","Tier2","Tier4"))))
... A15: 14 | B15: BT | C15: 14400480 | D15: 0.013394477 | E15: 1 | F15: 小 | G15: EMEA | H15: WAN | I15: Telecom | J15: 1 | K15: 低 | L15: 低 | M15: N | N15: =IF(OR(K15="",L15=""),"未判定",IF(OR(K15="高",L15="高"),"高","低")) | O15: =IF(N15="未判定","未判定",IF(AND(F15="大",N15="高",M15<>"Y"),"Tier1",IF(F15="大","Tier3",IF(N15="高","Tier2","Tier4"))))
B17: 合計 | C17: 1075105800

Sheet ベンダー分析
A1: 分析ID | B1: ベンダー | C1: Tier | D1: リージョン | E1: システム | F1: 費用区分 | G1: 区分（a〜e） | H1: 年額（円） | I1: 予算の出所 | J1: VMO施策 | K1: 依存度 | L1: 依存の型 | M1: 実行シグナル | N1: 現場との合意 | O1: 実行判断 | P1: 依存を下げる手段 | Q1: ヒアリング先 | R1: ヒアリング日 | S1: 契約ID | T1: 契約形態（請負・準委任・SES等） | U1: 契約金額（年額） | V1: 更新日 | W1: 解約通知期限 | X1: 自動更新 | Y1: 年次アップリフト | Z1: 減席・減額の可否 | AA1: メモ
A2: VA-001 | B2: Microsoft | C2: =IFERROR(INDEX('ベンダー集計'!$O:$O,MATCH(B2,'ベンダー集計'!$B:$B,0)),"") | D2: EMEA | E2: Azure | F2: Cloud | G2: クラウド | H2: 30000240 | I2: GDS | J2: =IF(C2="未判定","Tierを判定する",IFERROR(INDEX('施策マスタ'!$D:$D,MATCH(C2&"|"&G2,'施策マスタ'!$A:$A,0)),"施策マスタに無い組み合わせ")) | K2: 高 | L2: ロックイン戦略 | M2: =IF(K2="","未判定",IF(K2="低","Green",IF(K2="中","Yellow","Red"))) | O2: =IF(M2="未判定","依存度をヒアリングする",IF(M2="Green","実行する",IF(M2="Yellow",IF(N2="合意済","実行する（現場と合意済）",IF(N2="不同意","実行しない（現場が不同意）","現場と合意する")),"施策は実行しない。依存の解消はIT戦略へ上げ、VMOは契約条件の打ち手に限る"))) | P2: =IF(L2="取引上の依存","出口条件と代替候補を整える",IF(L2="ブラックボックス","業務範囲・工数・スキル要件を可視化する",IF(L2="知見の希少性","長期の条件と価格上限で安定させる",IF(L2="ロックイン戦略",IF(K2="高","IT戦略の転換を要する（VMOは分析を提供）","移行の準備を進める（代替の評価、データの可搬性、契約の分離）"),""))))
A3: VA-002 | B3: Microsoft | C3: =IFERROR(INDEX('ベンダー集計'!$O:$O,MATCH(B3,'ベンダー集計'!$B:$B,0)),"") | D3: JP | E3: Azure | F3: Cloud | G3: クラウド | H3: 60000000 | I3: GDS | J3: =IF(C3="未判定","Tierを判定する",IFERROR(INDEX('施策マスタ'!$D:$D,MATCH(C3&"|"&G3,'施策マスタ'!$A:$A,0)),"施策マスタに無い組み合わせ")) | K3: 高 | L3: ロックイン戦略 | M3: =IF(K3="","未判定",IF(K3="低","Green",IF(K3="中","Yellow","Red"))) | O3: =IF(M3="未判定","依存度をヒアリングする",IF(M3="Green","実行する",IF(M3="Yellow",IF(N3="合意済","実行する（現場と合意済）",IF(N3="不同意","実行しない（現場が不同意）","現場と合意する")),"施策は実行しない。依存の解消はIT戦略へ上げ、VMOは契約条件の打ち手に限る"))) | P3: =IF(L3="取引上の依存","出口条件と代替候補を整える",IF(L3="ブラックボックス","業務範囲・工数・スキル要件を可視化する",IF(L3="知見の希少性","長期の条件と価格上限で安定させる",IF(L3="ロックイン戦略",IF(K3="高","IT戦略の転換を要する（VMOは分析を提供）","移行の準備を進める（代替の評価、データの可搬性、契約の分離）"),""))))
A4: VA-003 | B4: Microsoft | C4: =IFERROR(INDEX('ベンダー集計'!$O:$O,MATCH(B4,'ベンダー集計'!$B:$B,0)),"") | D4: JP | E4: Microsoft 365 | F4: SaaS / License | G4: (a) ライセンス・SaaS | H4: 144000000 | I4: GDS | J4: =IF(C4="未判定","Tierを判定する",IFERROR(INDEX('施策マスタ'!$D:$D,MATCH(C4&"|"&G4,'施策マスタ'!$A:$A,0)),"施策マスタに無い組み合わせ")) | K4: 高 | L4: ロックイン戦略 | M4: =IF(K4="","未判定",IF(K4="低","Green",IF(K4="中","Yellow","Red"))) | O4: =IF(M4="未判定","依存度をヒアリングする",IF(M4="Green","実行する",IF(M4="Yellow",IF(N4="合意済","実行する（現場と合意済）",IF(N4="不同意","実行しない（現場が不同意）","現場と合意する")),"施策は実行しない。依存の解消はIT戦略へ上げ、VMOは契約条件の打ち手に限る"))) | P4: =IF(L4="取引上の依存","出口条件と代替候補を整える",IF(L4="ブラックボックス","業務範囲・工数・スキル要件を可視化する",IF(L4="知見の希少性","長期の条件と価格上限で安定させる",IF(L4="ロックイン戦略",IF(K4="高","IT戦略の転換を要する（VMOは分析を提供）","移行の準備を進める（代替の評価、データの可搬性、契約の分離）"),""))))
A5: VA-004 | B5: Microsoft | C5: =IFERROR(INDEX('ベンダー集計'!$O:$O,MATCH(B5,'ベンダー集計'!$B:$B,0)),"") | D5: NA | E5: Azure | F5: Cloud | G5: クラウド | H5: 48000600 | I5: GDS | J5: =IF(C5="未判定","Tierを判定する",IFERROR(INDEX('施策マスタ'!$D:$D,MATCH(C5&"|"&G5,'施策マスタ'!$A:$A,0)),"施策マスタに無い組み合わせ")) | K5: 高 | L5: ロックイン戦略 | M5: =IF(K5="","未判定",IF(K5="低","Green",IF(K5="中","Yellow","Red"))) | O5: =IF(M5="未判定","依存度をヒアリングする",IF(M5="Green","実行する",IF(M5="Yellow",IF(N5="合意済","実行する（現場と合意済）",IF(N5="不同意","実行しない（現場が不同意）","現場と合意する")),"施策は実行しない。依存の解消はIT戦略へ上げ、VMOは契約条件の打ち手に限る"))) | P5: =IF(L5="取引上の依存","出口条件と代替候補を整える",IF(L5="ブラックボックス","業務範囲・工数・スキル要件を可視化する",IF(L5="知見の希少性","長期の条件と価格上限で安定させる",IF(L5="ロックイン戦略",IF(K5="高","IT戦略の転換を要する（VMOは分析を提供）","移行の準備を進める（代替の評価、データの可搬性、契約の分離）"),""))))
A6: VA-005 | B6: Salesforce | C6: =IFERROR(INDEX('ベンダー集計'!$O:$O,MATCH(B6,'ベンダー集計'!$B:$B,0)),"") | D6: EMEA | E6: Salesforce | F6: SaaS / License | G6: (a) ライセンス・SaaS | H6: 25200840 | I6: GDS | J6: =IF(C6="未判定","Tierを判定する",IFERROR(INDEX('施策マスタ'!$D:$D,MATCH(C6&"|"&G6,'施策マスタ'!$A:$A,0)),"施策マスタに無い組み合わせ")) | K6: 高 | L6: ロックイン戦略 | M6: =IF(K6="","未判定",IF(K6="低","Green",IF(K6="中","Yellow","Red"))) | O6: =IF(M6="未判定","依存度をヒアリングする",IF(M6="Green","実行する",IF(M6="Yellow",IF(N6="合意済","実行する（現場と合意済）",IF(N6="不同意","実行しない（現場が不同意）","現場と合意する")),"施策は実行しない。依存の解消はIT戦略へ上げ、VMOは契約条件の打ち手に限る"))) | P6: =IF(L6="取引上の依存","出口条件と代替候補を整える",IF(L6="ブラックボックス","業務範囲・工数・スキル要件を可視化する",IF(L6="知見の希少性","長期の条件と価格上限で安定させる",IF(L6="ロックイン戦略",IF(K6="高","IT戦略の転換を要する（VMOは分析を提供）","移行の準備を進める（代替の評価、データの可搬性、契約の分離）"),""))))
A7: VA-006 | B7: Salesforce | C7: =IFERROR(INDEX('ベンダー集計'!$O:$O,MATCH(B7,'ベンダー集計'!$B:$B,0)),"") | D7: EMEA | E7: Tableau | F7: SaaS / License | G7: (a) ライセンス・SaaS | H7: 16200000 | I7: GDS | J7: =IF(C7="未判定","Tierを判定する",IFERROR(INDEX('施策マスタ'!$D:$D,MATCH(C7&"|"&G7,'施策マスタ'!$A:$A,0)),"施策マスタに無い組み合わせ")) | K7: 中 | L7: ブラックボックス | M7: =IF(K7="","未判定",IF(K7="低","Green",IF(K7="中","Yellow","Red"))) | O7: =IF(M7="未判定","依存度をヒアリングする",IF(M7="Green","実行する",IF(M7="Yellow",IF(N7="合意済","実行する（現場と合意済）",IF(N7="不同意","実行しない（現場が不同意）","現場と合意する")),"施策は実行しない。依存の解消はIT戦略へ上げ、VMOは契約条件の打ち手に限る"))) | P7: =IF(L7="取引上の依存","出口条件と代替候補を整える",IF(L7="ブラックボックス","業務範囲・工数・スキル要件を可視化する",IF(L7="知見の希少性","長期の条件と価格上限で安定させる",IF(L7="ロックイン戦略",IF(K7="高","IT戦略の転換を要する（VMOは分析を提供）","移行の準備を進める（代替の評価、データの可搬性、契約の分離）"),""))))
A8: VA-007 | B8: Salesforce | C8: =IFERROR(INDEX('ベンダー集計'!$O:$O,MATCH(B8,'ベンダー集計'!$B:$B,0)),"") | D8: JP | E8: Salesforce | F8: SaaS / License | G8: (a) ライセンス・SaaS | H8: 50400000 | I8: GDS | J8: =IF(C8="未判定","Tierを判定する",IFERROR(INDEX('施策マスタ'!$D:$D,MATCH(C8&"|"&G8,'施策マスタ'!$A:$A,0)),"施策マスタに無い組み合わせ")) | K8: 高 | L8: ロックイン戦略 | M8: =IF(K8="","未判定",IF(K8="低","Green",IF(K8="中","Yellow","Red"))) | O8: =IF(M8="未判定","依存度をヒアリングする",IF(M8="Green","実行する",IF(M8="Yellow",IF(N8="合意済","実行する（現場と合意済）",IF(N8="不同意","実行しない（現場が不同意）","現場と合意する")),"施策は実行しない。依存の解消はIT戦略へ上げ、VMOは契約条件の打ち手に限る"))) | P8: =IF(L8="取引上の依存","出口条件と代替候補を整える",IF(L8="ブラックボックス","業務範囲・工数・スキル要件を可視化する",IF(L8="知見の希少性","長期の条件と価格上限で安定させる",IF(L8="ロックイン戦略",IF(K8="高","IT戦略の転換を要する（VMOは分析を提供）","移行の準備を進める（代替の評価、データの可搬性、契約の分離）"),""))))
A9: VA-008 | B9: Salesforce | C9: =IFERROR(INDEX('ベンダー集計'!$O:$O,MATCH(B9,'ベンダー集計'!$B:$B,0)),"") | D9: NA | E9: Salesforce | F9: SaaS / License | G9: (a) ライセンス・SaaS | H9: 40320000 | I9: GDS | J9: =IF(C9="未判定","Tierを判定する",IFERROR(INDEX('施策マスタ'!$D:$D,MATCH(C9&"|"&G9,'施策マスタ'!$A:$A,0)),"施策マスタに無い組み合わせ")) | K9: 高 | L9: ロックイン戦略 | M9: =IF(K9="","未判定",IF(K9="低","Green",IF(K9="中","Yellow","Red"))) | O9: =IF(M9="未判定","依存度をヒアリングする",IF(M9="Green","実行する",IF(M9="Yellow",IF(N9="合意済","実行する（現場と合意済）",IF(N9="不同意","実行しない（現場が不同意）","現場と合意する")),"施策は実行しない。依存の解消はIT戦略へ上げ、VMOは契約条件の打ち手に限る"))) | P9: =IF(L9="取引上の依存","出口条件と代替候補を整える",IF(L9="ブラックボックス","業務範囲・工数・スキル要件を可視化する",IF(L9="知見の希少性","長期の条件と価格上限で安定させる",IF(L9="ロックイン戦略",IF(K9="高","IT戦略の転換を要する（VMOは分析を提供）","移行の準備を進める（代替の評価、データの可搬性、契約の分離）"),""))))
A10: VA-009 | B10: Accenture | C10: =IFERROR(INDEX('ベンダー集計'!$O:$O,MATCH(B10,'ベンダー集計'!$B:$B,0)),"") | D10: EMEA | E10: SAP S/4HANA | F10: Outsourcing | G10: (b) 運用保守委託 | H10: 38999400 | I10: GDS | J10: =IF(C10="未判定","Tierを判定する",IFERROR(INDEX('施策マスタ'!$D:$D,MATCH(C10&"|"&G10,'施策マスタ'!$A:$A,0)),"施策マスタに無い組み合わせ")) | K10: 中 | L10: ブラックボックス | M10: =IF(K10="","未判定",IF(K10="低","Green",IF(K10="中","Yellow","Red"))) | O10: =IF(M10="未判定","依存度をヒアリングする",IF(M10="Green","実行する",IF(M10="Yellow",IF(N10="合意済","実行する（現場と合意済）",IF(N10="不同意","実行しない（現場が不同意）","現場と合意する")),"施策は実行しない。依存の解消はIT戦略へ上げ、VMOは契約条件の打ち手に限る"))) | P10: =IF(L10="取引上の依存","出口条件と代替候補を整える",IF(L10="ブラックボックス","業務範囲・工数・スキル要件を可視化する",IF(L10="知見の希少性","長期の条件と価格上限で安定させる",IF(L10="ロックイン戦略",IF(K10="高","IT戦略の転換を要する（VMOは分析を提供）","移行の準備を進める（代替の評価、データの可搬性、契約の分離）"),""))))
A11: VA-010 | B11: Accenture | C11: =IFERROR(INDEX('ベンダー集計'!$O:$O,MATCH(B11,'ベンダー集計'!$B:$B,0)),"") | D11: NA | E11: SAP S/4HANA | F11: Outsourcing | G11: (b) 運用保守委託 | H11: 62400600 | I11: GDS | J11: =IF(C11="未判定","Tierを判定する",IFERROR(INDEX('施策マスタ'!$D:$D,MATCH(C11&"|"&G11,'施策マスタ'!$A:$A,0)),"施策マスタに無い組み合わせ")) | K11: 中 | L11: ブラックボックス | M11: =IF(K11="","未判定",IF(K11="低","Green",IF(K11="中","Yellow","Red"))) | O11: =IF(M11="未判定","依存度をヒアリングする",IF(M11="Green","実行する",IF(M11="Yellow",IF(N11="合意済","実行する（現場と合意済）",IF(N11="不同意","実行しない（現場が不同意）","現場と合意する")),"施策は実行しない。依存の解消はIT戦略へ上げ、VMOは契約条件の打ち手に限る"))) | P11: =IF(L11="取引上の依存","出口条件と代替候補を整える",IF(L11="ブラックボックス","業務範囲・工数・スキル要件を可視化する",IF(L11="知見の希少性","長期の条件と価格上限で安定させる",IF(L11="ロックイン戦略",IF(K11="高","IT戦略の転換を要する（VMOは分析を提供）","移行の準備を進める（代替の評価、データの可搬性、契約の分離）"),""))))
A12: VA-011 | B12: IBM | C12: =IFERROR(INDEX('ベンダー集計'!$O:$O,MATCH(B12,'ベンダー集計'!$B:$B,0)),"") | D12: EMEA | E12: SOC | F12: Outsourcing | G12: (b) 運用保守委託 | H12: 20399160 | I12: GDS | J12: =IF(C12="未判定","Tierを判定する",IFERROR(INDEX('施策マスタ'!$D:$D,MATCH(C12&"|"&G12,'施策マスタ'!$A:$A,0)),"施策マスタに無い組み合わせ")) | K12: 中 | L12: ブラックボックス | M12: =IF(K12="","未判定",IF(K12="低","Green",IF(K12="中","Yellow","Red"))) | O12: =IF(M12="未判定","依存度をヒアリングする",IF(M12="Green","実行する",IF(M12="Yellow",IF(N12="合意済","実行する（現場と合意済）",IF(N12="不同意","実行しない（現場が不同意）","現場と合意する")),"施策は実行しない。依存の解消はIT戦略へ上げ、VMOは契約条件の打ち手に限る"))) | P12: =IF(L12="取引上の依存","出口条件と代替候補を整える",IF(L12="ブラックボックス","業務範囲・工数・スキル要件を可視化する",IF(L12="知見の希少性","長期の条件と価格上限で安定させる",IF(L12="ロックイン戦略",IF(K12="高","IT戦略の転換を要する（VMOは分析を提供）","移行の準備を進める（代替の評価、データの可搬性、契約の分離）"),""))))
A13: VA-012 | B13: IBM | C13: =IFERROR(INDEX('ベンダー集計'!$O:$O,MATCH(B13,'ベンダー集計'!$B:$B,0)),"") | D13: JP | E13: SOC | F13: Outsourcing | G13: (b) 運用保守委託 | H13: 40800000 | I13: GDS | J13: =IF(C13="未判定","Tierを判定する",IFERROR(INDEX('施策マスタ'!$D:$D,MATCH(C13&"|"&G13,'施策マスタ'!$A:$A,0)),"施策マスタに無い組み合わせ")) | K13: 中 | L13: ブラックボックス | M13: =IF(K13="","未判定",IF(K13="低","Green",IF(K13="中","Yellow","Red"))) | O13: =IF(M13="未判定","依存度をヒアリングする",IF(M13="Green","実行する",IF(M13="Yellow",IF(N13="合意済","実行する（現場と合意済）",IF(N13="不同意","実行しない（現場が不同意）","現場と合意する")),"施策は実行しない。依存の解消はIT戦略へ上げ、VMOは契約条件の打ち手に限る"))) | P13: =IF(L13="取引上の依存","出口条件と代替候補を整える",IF(L13="ブラックボックス","業務範囲・工数・スキル要件を可視化する",IF(L13="知見の希少性","長期の条件と価格上限で安定させる",IF(L13="ロックイン戦略",IF(K13="高","IT戦略の転換を要する（VMOは分析を提供）","移行の準備を進める（代替の評価、データの可搬性、契約の分離）"),""))))
... A32: VA-031 | B32: BT | C32: =IFERROR(INDEX('ベンダー集計'!$O:$O,MATCH(B32,'ベンダー集計'!$B:$B,0)),"") | D32: EMEA | E32: WAN | F32: Telecom | G32: (e) オンプレ維持 | H32: 14400480 | I32: GDS | J32: =IF(C32="未判定","Tierを判定する",IFERROR(INDEX('施策マスタ'!$D:$D,MATCH(C32&"|"&G32,'施策マスタ'!$A:$A,0)),"施策マスタに無い組み合わせ")) | K32: 中 | L32: 取引上の依存 | M32: =IF(K32="","未判定",IF(K32="低","Green",IF(K32="中","Yellow","Red"))) | O32: =IF(M32="未判定","依存度をヒアリングする",IF(M32="Green","実行する",IF(M32="Yellow",IF(N32="合意済","実行する（現場と合意済）",IF(N32="不同意","実行しない（現場が不同意）","現場と合意する")),"施策は実行しない。依存の解消はIT戦略へ上げ、VMOは契約条件の打ち手に限る"))) | P32: =IF(L32="取引上の依存","出口条件と代替候補を整える",IF(L32="ブラックボックス","業務範囲・工数・スキル要件を可視化する",IF(L32="知見の希少性","長期の条件と価格上限で安定させる",IF(L32="ロックイン戦略",IF(K32="高","IT戦略の転換を要する（VMOは分析を提供）","移行の準備を進める（代替の評価、データの可搬性、契約の分離）"),""))))

Sheet 施策マスタ
A1: キー | B1: Tier | C1: 区分 | D1: VMO施策（案） | E1: 契約に落とす条項の例
A2: Tier1|(a) ライセンス・SaaS | B2: Tier1 | C2: (a) ライセンス・SaaS | D2: 来期会議で、複数年の単価固定・価格上限、更新時の減席権、AIアドオンの適正化を求め、中長期の提案を受ける | E2: 価格上限条項、更新時の減席権、AIクレジットの繰越
A3: Tier1|(b) 運用保守委託 | B3: Tier1 | C3: (b) 運用保守委託 | D3: 来期会議で、業務スコープ・SLA・スキル要件の文書化と契約形態の移行（第6章 第1段階）を中長期の提案に組み込ませる | E3: 作業区分ごとの工数報告の義務、文書の自社帰属、再委託の条件
A4: Tier1|(c) 開発・改修 | B4: Tier1 | C4: (c) 開発・改修 | D4: 来期会議で、単価表と体制の妥当性を確認し、中長期の案件を束ねた提案を受ける | E4: 単価表、変更管理の手続き
A5: Tier1|(d) ミドルウェア・DB | B5: Tier1 | C5: (d) ミドルウェア・DB | D5: 来期会議で、未使用ライセンスの整理と代替（OpenJDK等）を含む中長期の提案を受ける | E5: 部分解約時の保守料の扱い、監査条項
A6: Tier1|(e) オンプレ維持 | B6: Tier1 | C6: (e) オンプレ維持 | D6: 来期会議で、機器・回線の統合と更新計画、延長保守の条件を含む中長期の提案を受ける | E6: 延長保守の単価、解約の通知期間
A7: Tier1|クラウド | B7: Tier1 | C7: クラウド | D7: 来期会議で、コミット額の設計（上乗せ幅・繰越・サービス横断の消化）とワークロードの切り分けを協議する | E7: 上乗せ幅、減額・繰越の条件、サービス横断の消化
A8: Tier2|(a) ライセンス・SaaS | B8: Tier2 | C8: (a) ライセンス・SaaS | D8: 更新時の評価結果をもとに、減席・エディションの見直し・値上げの回避を交渉する | E8: 価格上限条項、更新時の減席権、AIクレジットの繰越
A9: Tier2|(b) 運用保守委託 | B9: Tier2 | C9: (b) 運用保守委託 | D9: 更新時の評価結果をもとに、作業範囲の明確化と工数報告の義務化を求める（第6章のトラック） | E9: 作業区分ごとの工数報告の義務、文書の自社帰属、再委託の条件
A10: Tier2|(c) 開発・改修 | B10: Tier2 | C10: (c) 開発・改修 | D10: プロジェクト終了時の評価を、次回の単価・体制に反映する | E10: 単価表、変更管理の手続き
A11: Tier2|(d) ミドルウェア・DB | B11: Tier2 | C11: (d) ミドルウェア・DB | D11: 更新時の評価結果をもとに、未使用ライセンスを整理する | E11: 部分解約時の保守料の扱い、監査条項
A12: Tier2|(e) オンプレ維持 | B12: Tier2 | C12: (e) オンプレ維持 | D12: 更新時の評価結果をもとに、延長保守の単価と解約の通知期間を見直す | E12: 延長保守の単価、解約の通知期間
... A25: Tier4|クラウド | B25: Tier4 | C25: クラウド | D25: 解約するか、他の契約へ巻き取る | E25: 上乗せ幅、減額・繰越の条件、サービス横断の消化
