Workbook

Sheet 使い方
A1: 購買部門との権限確認表
A3: 目的
A4: VMOの活動ごとに、購買規程上やってよいか、購買部門と認識を合わせる。合意した結果は、RACIとして第1章 1.5.4に反映する。
A6: 列の見方
A7: ・一般論の想定：購買部門が渉外・発注の権限をすべて持ち、業務分掌・権限規程は変えない、という前提での一般論（可／不可／グレー）。確認前の仮置き。
A8: ・資料の現在の記述：本資料（chapters/）でVMOがその活動を担う前提になっている箇所。見解が「不可」になった場合の修正対象。
A9: ・RACI（たたき台）：一般論に基づく案。グレーの行は空欄にしてある。
A10: ・RACI（確定）：購買部門と合意した結果を入れる。1.5.4へ反映するのはこちら。
A12: セルの色
A13: 黄色：入力欄（購買規程の該当条項、購買部門の見解、条件・留意点、RACI（確定）、状態、確認日、確認者、備考）
A14: 灰色：数式（「集計」シート）
A15: その他：たたき台として記入済み。確認の過程で直してよい。
... A24: 条件・留意点：発注を前提としない旨をベンダーに明示し、接触の記録を購買へ共有する RACI（確定）：VMO R／IT担当 C／購買 A／予算責任者 I 状態：合意済

Sheet 確認表
A1: 確認する活動（たたき台） | G1: 購買部門との確認 | J1: RACI（たたき台） | N1: RACI（確定） | R1: 確認の記録
A2: No | B2: 場面 | C2: 活動 | D2: 一般論の想定 | E2: 想定の理由 | F2: 資料の現在の記述（章・節） | G2: 購買規程の該当条項 | H2: 購買部門の見解 | I2: 条件・留意点 | J2: VMO | K2: IT担当 | L2: 購買 | M2: 予算責任者 | N2: VMO | O2: IT担当 | P2: 購買 | Q2: 予算責任者 | R2: 状態 | S2: 確認日 | T2: 確認者（購買部門） | U2: 備考
A3: 1 | B3: 情報・台帳 | C3: ベンダー・契約・費用・更新日・利用実態の台帳を整備する | D3: 可 | E3: 社内の情報整理で、ベンダーへの意思表示を伴わない | F3: 1.4.1、3.3 | J3: A/R | K3: C | L3: C | M3: I | R3: 未確認
A4: 2 | B4: 情報・台帳 | C4: 購買が持つ契約書・価格情報の提供を受け、台帳と突き合わせる | D4: グレー | E4: 購買の保有情報で、開示には購買の合意が要る | F4: 3.3、4.4 ステップ3（契約情報との突き合わせ） | J4: R | K4: C | L4: A | M4: I | R4: 未確認
A5: 3 | B5: 情報・台帳 | C5: 更新カレンダーを作り、解約通知期限の前にIT担当へ声をかける | D5: 可 | E5: 社内への声がけで、ベンダーとの渉外ではない | F5: 1.2.1、3.3 | J5: A/R | K5: C | L5: I | M5: I | R5: 未確認
A6: 4 | B6: 情報・台帳 | C6: IT部門内の運用ルールを定める（ベンダー情報の登録、発注依頼前の相談の推奨） | D6: 可 | E6: IT部門内の運用で、権限規程に触れない | F6: 2.9 | J6: R | K6: C | L6: I | M6: A | R6: 未確認
A7: 5 | B7: 情報・台帳 | C7: 発注依頼の前にVMOへの相談を必須にする | D7: グレー | E7: 事実上の承認ゲートになり、分掌の変更にあたるおそれ | F7: 2.5（早期相談は推奨で、必須ではない） | R7: 未確認
A8: 6 | B8: 情報・台帳 | C8: 各ファンクション・他部門に情報の提出を義務づける | D8: グレー | E8: IT部門内の運用ルールの範囲を超える | F8: 記述なし | R8: 未確認
A9: 7 | B9: 分析・計画 | C9: 重複・ライセンス余剰・集約の余地を分析する | D9: 可 | E9: 社内の分析 | F9: 3.4.3、4.4 | J9: R | K9: C | L9: C | M9: A | R9: 未確認
A10: 8 | B10: 分析・計画 | C10: 更新カレンダーと予算の見通しを作る | D10: 可 | E10: 社内の分析 | F10: 3.4.3、4.4 ステップ5 | J10: R | K10: C | L10: I | M10: A | R10: 未確認
A11: 9 | B11: 分析・計画 | C11: 削減目標の根拠をつくり、目標設定を支援する | D11: 可 | E11: 目標の決定は予算責任者 | F11: 4.3 | J11: R | K11: C | L11: C | M11: A | R11: 未確認
A12: 10 | B12: 分析・計画 | C12: ベンダーのTierを判定し、ベンダー戦略を立てる | D12: グレー | E12: ベンダー戦略が購買の調達方針と重なる可能性 | F12: 1.4.2、3.3（Tierの定義は調達部門と合意） | J12: R | K12: C | L12: A | M12: I | R12: 未確認
A13: 11 | B13: 分析・計画 | C13: Tier3の統合・Tier4の巻き取りを協議し、扱いを決める | D13: グレー | E13: 決定の主体（購買かIT担当か）が規程上どちらか | F13: 1.4.2、3.3（四半期ごとに決定） | J13: R | K13: C | L13: A | M13: I | R13: 未確認
A14: 12 | B14: 選定 | C14: 業務・技術要件を整理し、技術評価を行う | D14: 可 | E14: IT部門の業務 | F14: 3.4.1 | J14: C | K14: A/R | L14: I | M14: I | R14: 未確認
A15: 13 | B15: 選定 | C15: RFP・見積依頼書の技術部分を作成する | D15: 可 | E15: 購買への入力としての作成 | F15: 1.5.2、3.4.2 | J15: R | K15: A | L15: C | M15: I | R15: 未確認
A16: 14 | B16: 選定 | C16: RFP・見積依頼をベンダーへ発出し、質疑を運営する | D16: 不可 | E16: ベンダーとの渉外にあたる | F16: 1.5.2（VMO：R）、3.4.2（質問への回答を全社に共有） | J16: C | K16: C | L16: A/R | M16: I | R16: 未確認
A17: 15 | B17: 選定 | C17: 情報収集のためにベンダーと接触する（製品説明、概算見積の依頼） | D17: グレー | E17: 発注前の情報収集が渉外に含まれるか | F17: 3.4.1（窓口をVMOに置く）、3.4.3（概算見積の依頼） | R17: 未確認
A18: 16 | B18: 選定 | C18: 選定の推奨を行う | D18: 可 | E18: 決定は購買・決裁者 | F18: 1.5.2 | J18: R | K18: A | L18: C | M18: I | R18: 未確認
A19: 17 | B19: 選定 | C19: ベンダーを選定（決定）する | D19: 不可 | E19: 購買の権限 | F19: 1.5.2（依頼部門：A/R） | J19: I | K19: C | L19: A/R | M19: I | R19: 未確認
A20: 18 | B20: 交渉・契約 | C20: 交渉方針（目標・論点・譲れる条件）を購買へ提示する | D20: 可 | E20: 購買への入力 | F20: 4.4 ステップ6 | J20: R | K20: C | L20: A | M20: C | R20: 未確認
A21: 19 | B21: 交渉・契約 | C21: 購買の同席のもと、交渉の場で技術的な説明をする | D21: 可 | E21: 購買の主導下での補助 | F21: 記述なし | J21: C | K21: C | L21: A/R | M21: I | R21: 未確認
A22: 20 | B22: 交渉・契約 | C22: 価格・条件の交渉を主導する | D22: 不可 | E22: 購買の専権 | F22: 1.2.1（交渉の代行）、1.5.2（VMO：R）、3.2.3、4.4 ステップ6 | J22: C | K22: C | L22: A/R | M22: I | R22: 未確認
A23: 21 | B23: 交渉・契約 | C23: 条件に合意する（口頭を含む） | D23: 不可 | E23: 契約の意思表示にあたる | F23: 記述なし | J23: I | K23: C | L23: A/R | M23: I | R23: 未確認
A24: 22 | B24: 交渉・契約 | C24: 見積や条件をベンダーに提示してコミットする | D24: 不可 | E24: 契約の意思表示にあたる | F24: 記述なし | J24: I | K24: C | L24: A/R | M24: I | R24: 未確認
A25: 23 | B25: 交渉・契約 | C25: 発注、契約の締結・変更・解約の意思表示 | D25: 不可 | E25: 購買の専権 | F25: 1.5.2（購買：R） | J25: I | K25: C | L25: A/R | M25: I | R25: 未確認
A26: 24 | B26: 交渉・契約 | C26: 契約条項（SOW・SLA・出口条項）の案を作り、点検する | D26: 可 | E26: 購買・法務への入力としての案文 | F26: 1.2.1、1.5.2、付録D・E | J26: R | K26: C | L26: A | M26: I | R26: 未確認
A27: 25 | B27: 交渉・契約 | C27: Tier1の来期会議に参加し、削減目標と条件を示す | D27: グレー | E27: ベンダーに目標・条件を示すことが渉外にあたるか | F27: 3.3（来期会議）、4.4 ステップ6 | J27: C | K27: C | L27: A/R | M27: I | R27: 未確認
A28: 26 | B28: 運用・評価 | C28: 既存契約の範囲で運用の定例会を行う（運用課題、SLAの確認） | D28: 可 | E28: 契約の履行管理で、条件を変えない | F28: 付録B（月次レビュー） | J28: C | K28: A/R | L28: I | M28: I | R28: 未確認
A29: 27 | B29: 運用・評価 | C29: SLA・品質をモニタリングし、社内で評価する | D29: 可 | E29: 社内の評価 | F29: 1.2.1、3.3 | J29: R | K29: A/R | L29: I | M29: I | R29: 未確認
A30: 28 | B30: 運用・評価 | C30: 評価結果をベンダーへフィードバックする | D30: グレー | E30: 評価の伝達が渉外にあたるか | F30: 1.4.2、3.3（Tier2の評価とヒアリング） | R30: 未確認
A31: 29 | B31: 運用・評価 | C31: SLA未達時に改善要求を書面で出す | D31: グレー | E31: 契約上の権利行使で、渉外にあたる可能性 | F31: 1.2.1（是正と価格協議）、3.4.3 | R31: 未確認
A32: 30 | B32: 運用・評価 | C32: SLA未達時のクレジットに合意する | D32: 不可 | E32: 契約条件の変更・金銭の合意 | F32: 記述なし | J32: C | K32: C | L32: A/R | M32: I | R32: 未確認
A33: 31 | B33: 運用・評価 | C33: 値上げ通知に回答する、回答期限の延長を申し入れる | D33: 不可 | E33: ベンダーとの渉外 | F33: 3.4.3（期限の延長を申し入れる） | J33: C | K33: C | L33: A/R | M33: I | R33: 未確認
A34: 32 | B34: 運用・評価 | C34: 契約の範囲外の文書作成をベンダーに依頼する | D34: 不可 | E34: 契約条件の変更にあたる | F34: 記述なし | J34: I | K34: C | L34: A/R | M34: I | R34: 未確認
A35: 33 | B35: 運用・評価 | C35: 購買を介さずベンダーと渉外する、「VMOが窓口」と名乗る | D35: 不可 | E35: 購買の専権 | F35: 3.4.1（窓口をVMOに置く） | R35: 未確認
A36: 34 | B36: 運用・評価 | C36: 評価の低いベンダーを事実上排除する（声をかけない、出入りを止める） | D36: グレー | E36: 取引先の選別は購買の権限 | F36: 記述なし | R36: 未確認
A37: 35 | B37: 予算 | C37: 予実を分析する | D37: 可 | E37: 社内の分析 | F37: 4.4 ステップ6 | J37: C | K37: R | L37: I | M37: A | R37: 未確認
A38: 36 | B38: 予算 | C38: 予算の承認・執行を実質的に決裁する | D38: 不可 | E38: 予算責任者・財務の権限 | F38: 記述なし | J38: I | K38: R | L38: I | M38: A | R38: 未確認

Sheet 集計
A1: 一般論の想定 × 購買部門の見解（件数）
A2: 想定＼見解 | B2: 可 | C2: 条件付きで可 | D2: 不可 | E2: 要協議 | F2: 未記入 | G2: 計
A3: 可 | B3: =COUNTIFS(確認表!$D$3:$D$38,"可",確認表!$H$3:$H$38,"可") -> 0 | C3: =COUNTIFS(確認表!$D$3:$D$38,"可",確認表!$H$3:$H$38,"条件付きで可") -> 0 | D3: =COUNTIFS(確認表!$D$3:$D$38,"可",確認表!$H$3:$H$38,"不可") -> 0 | E3: =COUNTIFS(確認表!$D$3:$D$38,"可",確認表!$H$3:$H$38,"要協議") -> 0 | F3: =COUNTIFS(確認表!$D$3:$D$38,"可",確認表!$H$3:$H$38,"") -> 15 | G3: =SUM(B3:F3) -> 15
A4: 不可 | B4: =COUNTIFS(確認表!$D$3:$D$38,"不可",確認表!$H$3:$H$38,"可") -> 0 | C4: =COUNTIFS(確認表!$D$3:$D$38,"不可",確認表!$H$3:$H$38,"条件付きで可") -> 0 | D4: =COUNTIFS(確認表!$D$3:$D$38,"不可",確認表!$H$3:$H$38,"不可") -> 0 | E4: =COUNTIFS(確認表!$D$3:$D$38,"不可",確認表!$H$3:$H$38,"要協議") -> 0 | F4: =COUNTIFS(確認表!$D$3:$D$38,"不可",確認表!$H$3:$H$38,"") -> 11 | G4: =SUM(B4:F4) -> 11
A5: グレー | B5: =COUNTIFS(確認表!$D$3:$D$38,"グレー",確認表!$H$3:$H$38,"可") -> 0 | C5: =COUNTIFS(確認表!$D$3:$D$38,"グレー",確認表!$H$3:$H$38,"条件付きで可") -> 0 | D5: =COUNTIFS(確認表!$D$3:$D$38,"グレー",確認表!$H$3:$H$38,"不可") -> 0 | E5: =COUNTIFS(確認表!$D$3:$D$38,"グレー",確認表!$H$3:$H$38,"要協議") -> 0 | F5: =COUNTIFS(確認表!$D$3:$D$38,"グレー",確認表!$H$3:$H$38,"") -> 10 | G5: =SUM(B5:F5) -> 10
A6: 計 | B6: =SUM(B3:B5) -> 0 | C6: =SUM(C3:C5) -> 0 | D6: =SUM(D3:D5) -> 0 | E6: =SUM(E3:E5) -> 0 | F6: =SUM(F3:F5) -> 36 | G6: =SUM(G3:G5) -> 36
A9: 確認の状態（件数）
A10: 未確認 | B10: =COUNTIF(確認表!$R$3:$R$38,"未確認") -> 36
A11: 確認中 | B11: =COUNTIF(確認表!$R$3:$R$38,"確認中") -> 0
A12: 合意済 | B12: =COUNTIF(確認表!$R$3:$R$38,"合意済") -> 0
A13: 計 | B13: =SUM(B10:B12) -> 36
