Workbook

Sheet 使い方
A1: IT予算移管 チェックリスト：準備完了チェック
A3: 文書番号 | B3: BTR-P-11-01
A4: 版 | B4: 1.3
A5: 所管 | B5: 予算移管事務局
A6: 承認者 | B6: IT部門長
A7: 最終改訂日 | B7: 2026-10-12
A8: 上位文書 | B8: IT予算移管 憲章（BTR-R-02）、Runbook（BTR-P-08-01 進行役編・08-04 案件担当編）
A10: 使い方
A11: 案件ごとに「記録」シートを複製し、結果を記入する。確認項目は「項目マスタ」から自動で表示される。
A12: 移管ステータスが「合意済み」の案件について、合意済みになったら、引継ぎに合わせて確認する（Runbook 案件担当編 §3.8）。判定が「完了」になったら、移管ステータスを「準備完了」にする。
A13: 結果が NG の項目は「NGのときの対応」に従う。判断が要る状況は、この表で判定せず、Runbook 案件担当編 §4 の例外対応へ回す。
A14: 確認項目を変えるときは「項目マスタ」を改訂し、改訂履歴に記録する。
A16: 凡例
A17: 黄色のセル | B17: 入力するセル
A18: （TBD: 〜） | B18: 未確定事項。決定記録の保留課題に登録する
A19: 結果 | B19: OK／NG／該当なし から選ぶ。NGが1つでもあれば判定は「要対応」になる（A型では差し戻し、C・D型では是正を求める）

Sheet 項目マスタ
A1: 確認項目マスタ
A3: No. | B3: 区分 | C3: 確認項目 | D3: 確認方法 | E3: 根拠 | F3: NGのときの対応
A4: 1 | B4: 合意 | C4: 合意文書（間接業務の引継ぎの方法、IT関連業務の扱い、経過措置）が移管元の責任者に承認され、決定記録「決定事項」に登録されているか | D4: 保存された合意文書、決定記録「決定事項」、予算移管シート「進捗」の A-03 を確認する | E4: 憲章 第10条、Runbook 案件担当編 §3.5 | F4: 案件担当が Runbook 案件担当編 §3.4・§3.5 を行う
A5: 2 | B5: 業務 | C5: 移管する間接業務の全てが、引継ぎ要領に沿って受け手に渡され、2027年1月から受け手が始められるか（契約は、契約書の写しと相手先の請求の窓口を渡したか） | D5: 予算移管シート「業務」で業務区分が間接業務の業務と、引継ぎ要領（Runbook 案件担当編 付録）の受け手、「進捗」の C-07 を突き合わせる | E5: 憲章 第10条、Runbook 案件担当編 §3.7 | F5: 案件担当が引継ぎを行う（案件担当編 §3.7）。引継ぎ要領に足りないことがあれば、進行役が付録を改める（進行役編 §3.3）
A6: 3 | B6: 経過措置 | C6: 経過措置とする業務（担当の変更に正式な手続きが要る業務）について、変更手続きが起票され、完了予定が合意文書と業務シート（S列）に記録されているか（手続きの完了は問わない） | D6: 「業務」の S列・T列が入った間接業務と、合意文書、変更手続きの起票の記録（例：GxP の変更管理）を突き合わせる | E6: 憲章 第9条第3項・第10条第3項 | F6: 案件担当が移管対象部門の担当者と調整して、IT部門側の手順の改定を含めて手続きを起票し、完了予定を記入する（案件担当編 §3.4・§3.7）。起票できなければ、その業務は今の担当のまま行うことを合意文書に書き、案件担当編 §4 へ

Sheet 記録
A1: チェック記録
A3: 案件ID／点検回 | E3: OK | F3: =COUNTIF(D10:D29,"OK")
A4: 件名／点検の対象 | E4: NG | F4: =COUNTIF(D10:D29,"NG")
A5: 確認日 | E5: 該当なし | F5: =COUNTIF(D10:D29,"該当なし")
A6: 確認者 | E6: 未記入 | F6: =COUNTIF(C10:C29,"?*")-COUNTA(D10:D29)
E7: 判定 | F7: =IF(COUNTIF(C10:C29,"?*")=0,"項目未設定",IF(F4>0,"要対応",IF(F6>0,"確認中","完了")))
A9: No. | B9: 区分 | C9: 確認項目 | D9: 結果 | E9: コメント | F9: 根拠
A10: =IF(項目マスタ!C4="","",項目マスタ!A4&"") | B10: =IF(項目マスタ!C4="","",項目マスタ!B4&"") | C10: =IF(項目マスタ!C4="","",項目マスタ!C4&"") | F10: =IF(項目マスタ!C4="","",項目マスタ!E4&"")
A11: =IF(項目マスタ!C5="","",項目マスタ!A5&"") | B11: =IF(項目マスタ!C5="","",項目マスタ!B5&"") | C11: =IF(項目マスタ!C5="","",項目マスタ!C5&"") | F11: =IF(項目マスタ!C5="","",項目マスタ!E5&"")
A12: =IF(項目マスタ!C6="","",項目マスタ!A6&"") | B12: =IF(項目マスタ!C6="","",項目マスタ!B6&"") | C12: =IF(項目マスタ!C6="","",項目マスタ!C6&"") | F12: =IF(項目マスタ!C6="","",項目マスタ!E6&"")
A13: =IF(項目マスタ!C7="","",項目マスタ!A7&"") | B13: =IF(項目マスタ!C7="","",項目マスタ!B7&"") | C13: =IF(項目マスタ!C7="","",項目マスタ!C7&"") | F13: =IF(項目マスタ!C7="","",項目マスタ!E7&"")
A14: =IF(項目マスタ!C8="","",項目マスタ!A8&"") | B14: =IF(項目マスタ!C8="","",項目マスタ!B8&"") | C14: =IF(項目マスタ!C8="","",項目マスタ!C8&"") | F14: =IF(項目マスタ!C8="","",項目マスタ!E8&"")
A15: =IF(項目マスタ!C9="","",項目マスタ!A9&"") | B15: =IF(項目マスタ!C9="","",項目マスタ!B9&"") | C15: =IF(項目マスタ!C9="","",項目マスタ!C9&"") | F15: =IF(項目マスタ!C9="","",項目マスタ!E9&"")
A16: =IF(項目マスタ!C10="","",項目マスタ!A10&"") | B16: =IF(項目マスタ!C10="","",項目マスタ!B10&"") | C16: =IF(項目マスタ!C10="","",項目マスタ!C10&"") | F16: =IF(項目マスタ!C10="","",項目マスタ!E10&"")
A17: =IF(項目マスタ!C11="","",項目マスタ!A11&"") | B17: =IF(項目マスタ!C11="","",項目マスタ!B11&"") | C17: =IF(項目マスタ!C11="","",項目マスタ!C11&"") | F17: =IF(項目マスタ!C11="","",項目マスタ!E11&"")
A18: =IF(項目マスタ!C12="","",項目マスタ!A12&"") | B18: =IF(項目マスタ!C12="","",項目マスタ!B12&"") | C18: =IF(項目マスタ!C12="","",項目マスタ!C12&"") | F18: =IF(項目マスタ!C12="","",項目マスタ!E12&"")
A19: =IF(項目マスタ!C13="","",項目マスタ!A13&"") | B19: =IF(項目マスタ!C13="","",項目マスタ!B13&"") | C19: =IF(項目マスタ!C13="","",項目マスタ!C13&"") | F19: =IF(項目マスタ!C13="","",項目マスタ!E13&"")
A20: =IF(項目マスタ!C14="","",項目マスタ!A14&"") | B20: =IF(項目マスタ!C14="","",項目マスタ!B14&"") | C20: =IF(項目マスタ!C14="","",項目マスタ!C14&"") | F20: =IF(項目マスタ!C14="","",項目マスタ!E14&"")
A21: =IF(項目マスタ!C15="","",項目マスタ!A15&"") | B21: =IF(項目マスタ!C15="","",項目マスタ!B15&"") | C21: =IF(項目マスタ!C15="","",項目マスタ!C15&"") | F21: =IF(項目マスタ!C15="","",項目マスタ!E15&"")
... A29: =IF(項目マスタ!C23="","",項目マスタ!A23&"") | B29: =IF(項目マスタ!C23="","",項目マスタ!B23&"") | C29: =IF(項目マスタ!C23="","",項目マスタ!C23&"") | F29: =IF(項目マスタ!C23="","",項目マスタ!E23&"")

Sheet 改訂履歴
A1: 改訂履歴
A3: 版 | B3: 日付 | C3: 改訂内容 | D3: 改訂者 | E3: 承認者
A4: 1.0 | B4: 46306 | C4: 制定（承認前の案） | D4: 予算移管事務局
A5: 1.1 | B5: 46306 | C5: 名義変更の手配の項目（旧No.3）を削除し、個別移管の項目（No.5）を足した。予算の項目を、案件全体が一括であることの確認に改めた | D5: 予算移管事務局
A6: 1.2 | B6: 46306 | C6: 移管の稟議の承認を確かめる項目（旧No.4）を削除した（稟議の期限は12/31で、準備完了の確認の期限12/18より後のため）。GxPの項目（No.3）を、変更管理の起票と完了予定の確認に改めた（SOPの改訂の完了は問わない）。No.2 に、1月から受け手が始められることを加えた | D6: 予算移管事務局
A7: 1.3 | B7: 46307 | C7: 個別移管の項目（旧No.4）を削除した。No.1 を合意文書の承認に、No.3 を経過措置の手続きの起票と完了予定の記録に改めた | D7: 予算移管事務局
